{"cameraMode":{"drawMode":0,"name":"Shaded","section":"Shading Mode"},"sceneLighting":false,"audioPlay":false,"sceneViewState":{"showFog":false,"showMaterialUpdate":false,"showSkybox":false,"showFlares":false,"showImageEffects":false,"showParticleSystems":false},"in2DMode":false,"pivot":{"x":109.8929672241211,"y":-18.84388542175293,"z":26.468963623046876},"rotation":{"x":-0.2421015053987503,"y":-0.04597434028983116,"z":0.011481735855340958,"w":-0.9691006541252136},"size":39.00823974609375,"orthographic":false}